undergraduate_dept,course,grad_dept
機械知能・航空工学科,機械システムコース,機械機能創成専攻
機械知能・航空工学科,ファインメカニクスコース,ファインメカニクス専攻
機械知能・航空工学科,ロボティクスコース,ロボティクス専攻
機械知能・航空工学科,航空宇宙コース,航空宇宙工学専攻
機械知能・航空工学科,量子サイエンスコース,量子エネルギー工学専攻
機械知能・航空工学科,エネルギー環境コース,量子エネルギー工学専攻;電気エネルギーシステム専攻
機械知能・航空工学科,機械医工学コース,機械機能創成専攻;医工学研究科
機械知能・航空工学科,国際機械工学コース,機械機能創成専攻;ファインメカニクス専攻
電気情報物理工学科,電気工学コース,電気エネルギーシステム専攻
電気情報物理工学科,通信工学コース,通信工学専攻
電気情報物理工学科,電子工学コース,電子工学専攻
電気情報物理工学科,応用物理学コース,応用物理学専攻
電気情報物理工学科,情報工学コース,情報科学研究科
電気情報物理工学科,バイオ・医工学コース,医工学研究科
化学・バイオ工学科,応用化学コース,応用化学専攻
化学・バイオ工学科,化学工学コース,化学工学専攻
化学・バイオ工学科,バイオ工学コース,バイオ工学専攻
材料科学総合学科,金属フロンティア工学コース,金属フロンティア工学専攻
材料科学総合学科,知能デバイス材料学コース,知能デバイス材料学専攻
材料科学総合学科,材料システム工学コース,材料システム工学専攻
材料科学総合学科,材料環境学コース,先端環境創成学専攻
建築・社会環境工学科,社会基盤デザインコース,土木工学専攻
建築・社会環境工学科,水環境デザインコース,土木工学専攻;先端環境創成学専攻
建築・社会環境工学科,都市システム計画コース,技術社会システム専攻
建築・社会環境工学科,都市・建築デザインコース,都市・建築学専攻
建築・社会環境工学科,都市・建築学コース,都市・建築学専攻
